Tamaño muestra,Tiempo[ms]
10000,9.06438e+06
20000,1.11166e+07
30000,1.50772e+07
40000,1.98489e+08
50000,3.04022e+07
