Tamaño muestra,Tiempo[ms]
10000,7.70701e+06
20000,8.57253e+06
30000,9.7606e+06
40000,1.08877e+07
50000,1.33569e+07
