Tamaño muestra,Tiempo[ms]
<<<<<<< HEAD
10000,9.27652e+06
20000,1.10502e+07
30000,1.4984e+07
40000,1.9476e+07
50000,3.03e+07
=======
10000,221
20000,336
30000,410
40000,582
50000,780
>>>>>>> parent of 52747db (Final)
