Tamaño muestra,Tiempo[ms]
10000,9.04078e+06
20000,1.04246e+07
30000,1.29624e+07
40000,1.57398e+07
50000,2.28951e+07
