Tamaño muestra,Tiempo[ms]
10000,7.81263e+06
20000,8.55215e+06
30000,9.74737e+06
40000,1.10003e+07
50000,1.34371e+07
