Tamaño muestra,Tiempo[ms]
<<<<<<< HEAD
10000,9.39703e+06
20000,1.04208e+07
30000,1.31481e+07
40000,1.57566e+07
50000,2.30464e+07
=======
10000,190
20000,498
30000,759
40000,657
50000,877
>>>>>>> parent of 52747db (Final)
